-- ============================================================
-- Seed candidature, stagepostulation, soutenance
-- ============================================================

-- Candidatures (15 students applying to 15 different stages)
INSERT IGNORE INTO candidature (candidatureId, id, nom, prenom, date_naissance, adresse, telephone, email, niveau_etudes, institution, domaine_etudes, section, annee_obtention, experience, experience_description, motivation, langues, logiciels, competences_autres, date_debut, duree_stage, cv, lettre_motivation, releves_notes, created_at, updated_at) VALUES
(UUID(),'8d78bca1-41ff-11f1-8fed-36aa908975e6','ALI','Hamza','2001-03-12','Rue Soukra km3, Sfax','+216 20 111 001','etud.ali@etu.fss.tn','Master','FSS Sfax','Informatique','Génie Logiciel','2024','1','Stage de 3 mois chez une startup tech à Tunis','Passionné par le développement Full Stack, ce stage correspond parfaitement à mon projet professionnel.','Français, Anglais, Arabe','Java, Angular, Spring Boot','Travail en équipe, Agilité','2025-02-01','6','https://drive.google.com/file/d/cv-ali/view','https://drive.google.com/file/d/lm-ali/view','https://drive.google.com/file/d/rn-ali/view',NOW(),NOW()),
(UUID(),'8d78cec9-41ff-11f1-8fed-36aa908975e6','BEN SALAH','Aya','2002-07-22','Avenue Habib Bourguiba, Tunis','+216 20 111 002','etud.ben@etu.fss.tn','Master','FSS Sfax','Informatique','Réseaux','2024','0',NULL,'Très intéressée par les technologies Node.js et les microservices.','Français, Anglais','Node.js, React, MongoDB','Communication, Autonomie','2025-03-01','6','https://drive.google.com/file/d/cv-ben/view','https://drive.google.com/file/d/lm-ben/view','https://drive.google.com/file/d/rn-ben/view',NOW(),NOW()),
(UUID(),'8d78d081-41ff-11f1-8fed-36aa908975e6','CHAKROUN','Yassine','2001-11-05','Rue Ibn Khaldoun, Sfax','+216 20 111 003','etud.chak@etu.fss.tn','Master','FSS Sfax','Mathématiques','Statistiques','2024','1','Projet de fin d''études en analyse de données','Motivé pour appliquer mes compétences en data science dans un contexte professionnel.','Français, Anglais','Python, R, Tableau','Analyse, Rigueur','2025-01-15','6','https://drive.google.com/file/d/cv-chak/view',NULL,'https://drive.google.com/file/d/rn-chak/view',NOW(),NOW()),
(UUID(),'8d78d0f1-41ff-11f1-8fed-36aa908975e6','DALI','Rania','2002-01-30','Rue de Carthage, Sousse','+216 20 111 004','etud.dali@etu.fss.tn','Ingénieur','ENIS Sfax','Physique','Physique Appliquée','2024','0',NULL,'Ce stage me permettra de mettre en pratique mes connaissances en DevOps.','Français, Anglais','Docker, Kubernetes, Jenkins','Curiosité, Adaptabilité','2025-02-15','6','https://drive.google.com/file/d/cv-dali/view','https://drive.google.com/file/d/lm-dali/view','https://drive.google.com/file/d/rn-dali/view',NOW(),NOW()),
(UUID(),'8d78d15d-41ff-11f1-8fed-36aa908975e6','EZZINE','Malek','2001-09-14','Rue de la Liberté, Monastir','+216 20 111 005','etud.ezzine@etu.fss.tn','Master','FSS Sfax','Informatique','IA','2024','1','Projet de recherche en machine learning','Passionné par l''intelligence artificielle et le traitement du langage naturel.','Français, Anglais','Python, TensorFlow, PyTorch','Recherche, Innovation','2025-03-15','6','https://drive.google.com/file/d/cv-ezzine/view','https://drive.google.com/file/d/lm-ezzine/view','https://drive.google.com/file/d/rn-ezzine/view',NOW(),NOW()),
(UUID(),'8d78d1be-41ff-11f1-8fed-36aa908975e6','FRAJ','Salma','2002-04-18','Avenue de la République, Nabeul','+216 20 111 006','etud.fraj@etu.fss.tn','Licence','FSS Sfax','Chimie','Chimie Organique','2024','0',NULL,'Intéressée par les réseaux télécoms et l''optimisation.','Français, Arabe','Cisco Packet Tracer, Wireshark','Méthode, Précision','2025-01-01','6','https://drive.google.com/file/d/cv-fraj/view',NULL,'https://drive.google.com/file/d/rn-fraj/view',NOW(),NOW()),
(UUID(),'8d78d220-41ff-11f1-8fed-36aa908975e6','GHRIB','Nizar','2001-06-25','Rue Farhat Hached, Sfax','+216 20 111 007','etud.ghrib@etu.fss.tn','Master','FSS Sfax','Informatique','Cybersécurité','2024','1','Stage en audit de sécurité','Très motivé pour travailler sur la sécurité des systèmes d''information.','Français, Anglais','Kali Linux, Metasploit, Nmap','Analyse, Vigilance','2025-02-01','6','https://drive.google.com/file/d/cv-ghrib/view','https://drive.google.com/file/d/lm-ghrib/view','https://drive.google.com/file/d/rn-ghrib/view',NOW(),NOW()),
(UUID(),'8d78d285-41ff-11f1-8fed-36aa908975e6','HAMDI','Marwa','2002-12-03','Rue de Tunis, Bizerte','+216 20 111 008','etud.hamdi@etu.fss.tn','Licence','FSS Sfax','Biologie','Biochimie','2024','0',NULL,'Ce stage en développement mobile correspond à mes aspirations professionnelles.','Français, Anglais','Flutter, Dart, Firebase','Créativité, Dynamisme','2025-03-01','6','https://drive.google.com/file/d/cv-hamdi/view','https://drive.google.com/file/d/lm-hamdi/view','https://drive.google.com/file/d/rn-hamdi/view',NOW(),NOW()),
(UUID(),'8d78d44b-41ff-11f1-8fed-36aa908975e6','ISMAIL','Firas','2001-08-19','Avenue Habib Thameur, Sfax','+216 20 111 009','etud.ismail@etu.fss.tn','Ingénieur','ENIS Sfax','Électronique','Systèmes Embarqués','2024','1','Stage en développement embarqué','Passionné par les systèmes embarqués et l''IoT.','Français, Anglais','C, C++, Arduino, STM32','Rigueur, Précision','2025-01-15','6','https://drive.google.com/file/d/cv-ismail/view','https://drive.google.com/file/d/lm-ismail/view','https://drive.google.com/file/d/rn-ismail/view',NOW(),NOW()),
(UUID(),'8d78d4b4-41ff-11f1-8fed-36aa908975e6','JLASSI','Hajer','2002-02-27','Rue Ibn Sina, Sfax','+216 20 111 010','etud.jlassi@etu.fss.tn','Master','FSS Sfax','Informatique','Data Science','2024','0',NULL,'Très intéressée par la data engineering et les pipelines de données.','Français, Anglais','Python, Spark, Hadoop','Analyse, Organisation','2025-02-15','6','https://drive.google.com/file/d/cv-jlassi/view','https://drive.google.com/file/d/lm-jlassi/view','https://drive.google.com/file/d/rn-jlassi/view',NOW(),NOW()),
(UUID(),'8d78d5a8-41ff-11f1-8fed-36aa908975e6','KACEM','Bilel','2001-10-11','Rue de la Paix, Sfax','+216 20 111 011','etud.kacem@etu.fss.tn','Ingénieur','ENIS Sfax','Génie Civil','BTP','2024','1','Stage en contrôle qualité','Motivé pour appliquer les normes qualité dans l''industrie.','Français, Arabe','AutoCAD, SAP','Méthode, Rigueur','2025-01-01','6','https://drive.google.com/file/d/cv-kacem/view',NULL,'https://drive.google.com/file/d/rn-kacem/view',NOW(),NOW()),
(UUID(),'8d78d620-41ff-11f1-8fed-36aa908975e6','LAHMAR','Sana','2002-05-07','Avenue de la Corniche, Sfax','+216 20 111 012','etud.lahmar@etu.fss.tn','Master','FSS Sfax','Informatique','Développement Web','2024','0',NULL,'Passionnée par le développement React et les interfaces modernes.','Français, Anglais','React, Vue.js, TypeScript','Créativité, Autonomie','2025-02-01','6','https://drive.google.com/file/d/cv-lahmar/view','https://drive.google.com/file/d/lm-lahmar/view','https://drive.google.com/file/d/rn-lahmar/view',NOW(),NOW()),
(UUID(),'8d78d6f3-41ff-11f1-8fed-36aa908975e6','MRAD','Aziz','2001-07-16','Rue Mongi Slim, Sfax','+216 20 111 013','etud.mrad@etu.fss.tn','Master','FSS Sfax','Mathématiques','Algèbre','2024','1','Stage en ingénierie méthodes','Intéressé par l''optimisation des processus industriels.','Français, Anglais','MATLAB, Python','Analyse, Rigueur','2025-02-01','6','https://drive.google.com/file/d/cv-mrad/view','https://drive.google.com/file/d/lm-mrad/view','https://drive.google.com/file/d/rn-mrad/view',NOW(),NOW()),
(UUID(),'8d78d754-41ff-11f1-8fed-36aa908975e6','NASR','Ines','2002-03-21','Rue Tahar Sfar, Sfax','+216 20 111 014','etud.nasr@etu.fss.tn','Ingénieur','ENIS Sfax','Physique','Optique','2024','0',NULL,'Motivée pour travailler sur les systèmes avioniques.','Français, Anglais','C, Python, MATLAB','Précision, Méthode','2025-01-15','6','https://drive.google.com/file/d/cv-nasr/view','https://drive.google.com/file/d/lm-nasr/view','https://drive.google.com/file/d/rn-nasr/view',NOW(),NOW()),
(UUID(),'8d78d7a2-41ff-11f1-8fed-36aa908975e6','OUALI','Seif','2001-11-09','Rue Hédi Chaker, Sfax','+216 20 111 015','etud.ouali@etu.fss.tn','Master','FSS Sfax','Informatique','Cloud Computing','2024','1','Stage en infrastructure cloud','Passionné par AWS et les architectures cloud natives.','Français, Anglais','AWS, Terraform, Ansible','Innovation, Autonomie','2025-03-15','6','https://drive.google.com/file/d/cv-ouali/view','https://drive.google.com/file/d/lm-ouali/view','https://drive.google.com/file/d/rn-ouali/view',NOW(),NOW());

-- Stagepostulation (15 matching records)
INSERT IGNORE INTO stagepostulation (stageId, etudiantID, etudiantName, etudiantEmail, etudiantSection, etudiantInstitue, stageDomaine, stageSujet, entrepriseName, entrepriseEmail, status, CV, postulatedAt) VALUES
('8d78bca1-41ff-11f1-8fed-36aa908975e6','8d759a97-41ff-11f1-8fed-36aa908975e6','ALI Hamza','etud.ali@etu.fss.tn','Master : Génie Logiciel','FSS Sfax','Informatique','Développement d''une application de gestion interne','SOFRECOM TUNISIE','gabiam.k.samuel@gmail.com','accepté','https://drive.google.com/file/d/cv-ali/view',DATE_SUB(NOW(),INTERVAL 25 DAY)),
('8d78cec9-41ff-11f1-8fed-36aa908975e6','8d75bbad-41ff-11f1-8fed-36aa908975e6','BEN SALAH Aya','etud.ben@etu.fss.tn','Master : Réseaux','FSS Sfax','Fintech','Intégration de microservices financiers','VERMEG','gabiam.k.samuel@gmail.com','a attente','https://drive.google.com/file/d/cv-ben/view',DATE_SUB(NOW(),INTERVAL 20 DAY)),
('8d78d081-41ff-11f1-8fed-36aa908975e6','8d75bf1d-41ff-11f1-8fed-36aa908975e6','CHAKROUN Yassine','etud.chak@etu.fss.tn','Master : Statistiques','FSS Sfax','IT Services','Mise en place d''un pipeline CI/CD','TELNET HOLDING','gabiam.k.samuel@gmail.com','accepté','https://drive.google.com/file/d/cv-chak/view',DATE_SUB(NOW(),INTERVAL 18 DAY)),
('8d78d0f1-41ff-11f1-8fed-36aa908975e6','8d75bf91-41ff-11f1-8fed-36aa908975e6','DALI Rania','etud.dali@etu.fss.tn','Ingénieur : Physique Appliquée','ENIS Sfax','Informatique','Refonte d''une interface utilisateur moderne','PROXYM GROUP','gabiam.k.samuel@gmail.com','a attente','https://drive.google.com/file/d/cv-dali/view',DATE_SUB(NOW(),INTERVAL 15 DAY)),
('8d78d15d-41ff-11f1-8fed-36aa908975e6','8d75bfda-41ff-11f1-8fed-36aa908975e6','EZZINE Malek','etud.ezzine@etu.fss.tn','Master : IA','FSS Sfax','Conseil IT','Analyse de données et tableaux de bord BI','TALAN TUNISIE','gabiam.k.samuel@gmail.com','refusé','https://drive.google.com/file/d/cv-ezzine/view',DATE_SUB(NOW(),INTERVAL 12 DAY)),
('8d78d1be-41ff-11f1-8fed-36aa908975e6','8d75c023-41ff-11f1-8fed-36aa908975e6','FRAJ Salma','etud.fraj@etu.fss.tn','Licence : Chimie Organique','FSS Sfax','Télécommunications','Optimisation du réseau 4G/5G','ORANGE TUNISIE','gabiam.k.samuel@gmail.com','a attente','https://drive.google.com/file/d/cv-fraj/view',DATE_SUB(NOW(),INTERVAL 10 DAY)),
('8d78d220-41ff-11f1-8fed-36aa908975e6','8d75c072-41ff-11f1-8fed-36aa908975e6','GHRIB Nizar','etud.ghrib@etu.fss.tn','Master : Cybersécurité','FSS Sfax','Informatique','Développement d''une app mobile cross-platform','SOFRECOM TUNISIE','gabiam.k.samuel@gmail.com','accepté','https://drive.google.com/file/d/cv-ghrib/view',DATE_SUB(NOW(),INTERVAL 8 DAY)),
('8d78d285-41ff-11f1-8fed-36aa908975e6','8d75c0a9-41ff-11f1-8fed-36aa908975e6','HAMDI Marwa','etud.hamdi@etu.fss.tn','Licence : Biochimie','FSS Sfax','Cybersécurité','Audit de sécurité et tests de pénétration','TELNET HOLDING','gabiam.k.samuel@gmail.com','a attente','https://drive.google.com/file/d/cv-hamdi/view',DATE_SUB(NOW(),INTERVAL 7 DAY)),
('8d78d44b-41ff-11f1-8fed-36aa908975e6','8d75c7c6-41ff-11f1-8fed-36aa908975e6','ISMAIL Firas','etud.ismail@etu.fss.tn','Ingénieur : Systèmes Embarqués','ENIS Sfax','IA','Développement de modèles de prédiction','PROXYM GROUP','gabiam.k.samuel@gmail.com','accepté','https://drive.google.com/file/d/cv-ismail/view',DATE_SUB(NOW(),INTERVAL 6 DAY)),
('8d78d4b4-41ff-11f1-8fed-36aa908975e6','8d75cc87-41ff-11f1-8fed-36aa908975e6','JLASSI Hajer','etud.jlassi@etu.fss.tn','Master : Data Science','FSS Sfax','Banque','Développement de modules bancaires en Java','BIAT','gabiam.k.samuel@gmail.com','a attente','https://drive.google.com/file/d/cv-jlassi/view',DATE_SUB(NOW(),INTERVAL 5 DAY)),
('8d78d5a8-41ff-11f1-8fed-36aa908975e6','8d75cd83-41ff-11f1-8fed-36aa908975e6','KACEM Bilel','etud.kacem@etu.fss.tn','Ingénieur : BTP','ENIS Sfax','Banque','Analyse des risques financiers','AMEN BANK','gabiam.k.samuel@gmail.com','refusé','https://drive.google.com/file/d/cv-kacem/view',DATE_SUB(NOW(),INTERVAL 4 DAY)),
('8d78d620-41ff-11f1-8fed-36aa908975e6','8d75cdec-41ff-11f1-8fed-36aa908975e6','LAHMAR Sana','etud.lahmar@etu.fss.tn','Master : Développement Web','FSS Sfax','Industrie','Amélioration des processus qualité','COFICAB','gabiam.k.samuel@gmail.com','accepté','https://drive.google.com/file/d/cv-lahmar/view',DATE_SUB(NOW(),INTERVAL 3 DAY)),
('8d78d6f3-41ff-11f1-8fed-36aa908975e6','8d75ce53-41ff-11f1-8fed-36aa908975e6','MRAD Aziz','etud.mrad@etu.fss.tn','Master : Algèbre','FSS Sfax','Câblage Auto','Optimisation des lignes de production','LEONI TUNISIE','gabiam.k.samuel@gmail.com','a attente','https://drive.google.com/file/d/cv-mrad/view',DATE_SUB(NOW(),INTERVAL 2 DAY)),
('8d78d754-41ff-11f1-8fed-36aa908975e6','8d75ceae-41ff-11f1-8fed-36aa908975e6','NASR Ines','etud.nasr@etu.fss.tn','Ingénieur : Optique','ENIS Sfax','Transport Aérien','Maintenance des systèmes avioniques','TUNISAIR','gabiam.k.samuel@gmail.com','accepté','https://drive.google.com/file/d/cv-nasr/view',DATE_SUB(NOW(),INTERVAL 1 DAY)),
('8d78d7a2-41ff-11f1-8fed-36aa908975e6','8d75cfc8-41ff-11f1-8fed-36aa908975e6','OUALI Seif','etud.ouali@etu.fss.tn','Master : Cloud Computing','FSS Sfax','Informatique','Développement d''une plateforme e-learning','TALAN TUNISIE','gabiam.k.samuel@gmail.com','a attente','https://drive.google.com/file/d/cv-ouali/view',NOW());

-- Soutenances (15 defense sessions)
INSERT IGNORE INTO soutenance (date, time, salle, groupe, type, etudiant1, etudiant2, etudiant3, sujet, president, rapporteur, encadrantAcademique, encadrantProfessionnel, entreprise, createdAt, updatedAt) VALUES
('2025-06-15','09:00:00','Salle A','G1','Binome','ALI Hamza','BEN SALAH Aya',NULL,'Développement d''une plateforme e-learning avec React et Node.js','BEN ALI Mohamed','TRABELSI Sonia','JEBALI Riadh','AHMED Youssef','SOFRECOM TUNISIE',NOW(),NOW()),
('2025-06-15','11:00:00','Salle B','G1','Monome','CHAKROUN Yassine',NULL,NULL,'Analyse de données financières avec Machine Learning','CHAABANE Karim','MANSOURI Leila','KARRAY Nadia','SLIM Mariem','VERMEG',NOW(),NOW()),
('2025-06-15','14:00:00','Salle A','G2','Trinome','DALI Rania','EZZINE Malek','FRAJ Salma','Système de gestion des stocks IoT','FERCHICHI Amine','BOUZID Hanen','GHARBI Ines','NOUR Khaled','TELNET HOLDING',NOW(),NOW()),
('2025-06-16','09:00:00','Salle C','G2','Binome','GHRIB Nizar','HAMDI Marwa',NULL,'Application mobile de suivi de santé Flutter','HAMDI Omar','SAIDI Fatma','MAALOUL Tarek','RANIA Sarra','PROXYM GROUP',NOW(),NOW()),
('2025-06-16','11:00:00','Salle A','G3','Monome','ISMAIL Firas',NULL,NULL,'Optimisation de réseau 5G par algorithmes génétiques','DRIDI Mehdi','AYARI Bilel','BEN ALI Mohamed','FARES Anis','ORANGE TUNISIE',NOW(),NOW()),
('2025-06-16','14:00:00','Salle B','G3','Binome','JLASSI Hajer','KACEM Bilel',NULL,'Plateforme de gestion bancaire microservices','ZOUARI Chiraz','TRABELSI Sonia','JEBALI Riadh','HIBA Rim','BIAT',NOW(),NOW()),
('2025-06-17','09:00:00','Salle A','G4','Trinome','LAHMAR Sana','MRAD Aziz','NASR Ines','Système de recommandation e-commerce par deep learning','CHAABANE Karim','MANSOURI Leila','KARRAY Nadia','ZIED Hamza','TALAN TUNISIE',NOW(),NOW()),
('2025-06-17','11:00:00','Salle C','G4','Monome','OUALI Seif',NULL,NULL,'Infrastructure cloud AWS avec Terraform','FERCHICHI Amine','BOUZID Hanen','GHARBI Ines','ASMA Dorra','TELNET HOLDING',NOW(),NOW()),
('2025-06-18','09:00:00','Salle B','G1','Binome','ALI Hamza','CHAKROUN Yassine',NULL,'Chatbot intelligent NLP pour service client','HAMDI Omar','SAIDI Fatma','MAALOUL Tarek','WAEL Seif','PROXYM GROUP',NOW(),NOW()),
('2025-06-18','11:00:00','Salle A','G2','Monome','BEN SALAH Aya',NULL,NULL,'Analyse de risques financiers par modèles prédictifs','DRIDI Mehdi','AYARI Bilel','BEN ALI Mohamed','IMEN Ghofrane','AMEN BANK',NOW(),NOW()),
('2025-06-18','14:00:00','Salle C','G3','Binome','DALI Rania','EZZINE Malek',NULL,'Système de management qualité ISO 9001','ZOUARI Chiraz','TRABELSI Sonia','JEBALI Riadh','MAHER Oussama','COFICAB',NOW(),NOW()),
('2025-06-19','09:00:00','Salle A','G4','Trinome','FRAJ Salma','GHRIB Nizar','HAMDI Marwa','Optimisation des lignes de production par simulation','CHAABANE Karim','MANSOURI Leila','KARRAY Nadia','OLFA Yasmine','LEONI TUNISIE',NOW(),NOW()),
('2025-06-19','11:00:00','Salle B','G1','Monome','ISMAIL Firas',NULL,NULL,'Maintenance prédictive des systèmes avioniques','FERCHICHI Amine','BOUZID Hanen','GHARBI Ines','TAREK Fedi','TUNISAIR',NOW(),NOW()),
('2025-06-19','14:00:00','Salle C','G2','Binome','JLASSI Hajer','KACEM Bilel',NULL,'API REST pour services mobiles bancaires','HAMDI Omar','SAIDI Fatma','MAALOUL Tarek','SANA Amira','ORANGE TUNISIE',NOW(),NOW()),
('2025-06-20','09:00:00','Salle A','G3','Monome','LAHMAR Sana',NULL,NULL,'Développement de smart contracts Blockchain','DRIDI Mehdi','AYARI Bilel','BEN ALI Mohamed','BASSEM Chiheb','BIAT',NOW(),NOW());
